strain,energy_eV,energy_per_atom_eV,volume_A3,sigma_xx_GPa,sigma_yy_GPa,sigma_zz_GPa,sigma_axis_GPa,sigma_xy_GPa,sigma_xz_GPa,sigma_yz_GPa
-0.01,-226.89703088661736,-56.72425772165434,69.17858347814393,-0.892088760106956,-0.8920887601069306,-1.2298286791751747,-1.2298286791751747,-1.6068781469901982e-06,1.5713764290292403e-06,1.5707068199735737e-06
-0.005,-226.89914481910478,-56.724786204776194,69.52797026338709,-0.3985285203559939,-0.398528520356096,-0.5704168891062559,-0.5704168891062559,-1.670681307544742e-06,1.612554748068726e-06,1.6117201186339354e-06
0.0,-226.89985286446688,-56.72496321611672,69.87735704863029,0.07382262191848421,0.07382262191835662,0.0738248125878046,0.0738248125878046,-1.2287037002075632e-06,1.0944027885127552e-06,1.0934225775805482e-06
0.005,-226.89913805235793,-56.72478451308948,70.2267438338734,0.5377115480951835,0.5377115480952855,0.7152031294308558,0.7152031294308558,-8.17302940535428e-07,8.967951082506138e-07,8.958781400635423e-07
0.01,-226.8970360489314,-56.72425901223285,70.57613061911657,0.9898582530497205,0.9898582530497461,1.3502851642131581,1.3502851642131581,-8.415155328133894e-07,8.975971578918032e-07,8.96744485128005e-07
